<?xml version="1.0" encoding="UTF-8"?>
<root>
  <item name="com.firebase.jobdispatcher.Constraint int compact(int[]) 0">
    <annotation name="android.support.annotation.IntDef">
      <val name="flag" val="true" />
      <val name="value" val="{com.firebase.jobdispatcher.Constraint.ON_ANY_NETWORK, com.firebase.jobdispatcher.Constraint.ON_UNMETERED_NETWORK, com.firebase.jobdispatcher.Constraint.DEVICE_CHARGING}" />
    </annotation>
  </item>
  <item name="com.firebase.jobdispatcher.Driver int cancel(java.lang.String)">
    <annotation name="android.support.annotation.IntDef">
      <val name="value" val="{com.firebase.jobdispatcher.FirebaseJobDispatcher.CANCEL_RESULT_SUCCESS, com.firebase.jobdispatcher.FirebaseJobDispatcher.CANCEL_RESULT_UNKNOWN_ERROR, com.firebase.jobdispatcher.FirebaseJobDispatcher.CANCEL_RESULT_NO_DRIVER_AVAILABLE}" />
    </annotation>
  </item>
  <item name="com.firebase.jobdispatcher.Driver int cancelAll()">
    <annotation name="android.support.annotation.IntDef">
      <val name="value" val="{com.firebase.jobdispatcher.FirebaseJobDispatcher.CANCEL_RESULT_SUCCESS, com.firebase.jobdispatcher.FirebaseJobDispatcher.CANCEL_RESULT_UNKNOWN_ERROR, com.firebase.jobdispatcher.FirebaseJobDispatcher.CANCEL_RESULT_NO_DRIVER_AVAILABLE}" />
    </annotation>
  </item>
  <item name="com.firebase.jobdispatcher.Driver int schedule(com.firebase.jobdispatcher.Job)">
    <annotation name="android.support.annotation.IntDef">
      <val name="value" val="{com.firebase.jobdispatcher.FirebaseJobDispatcher.SCHEDULE_RESULT_SUCCESS, com.firebase.jobdispatcher.FirebaseJobDispatcher.SCHEDULE_RESULT_UNKNOWN_ERROR, com.firebase.jobdispatcher.FirebaseJobDispatcher.SCHEDULE_RESULT_NO_DRIVER_AVAILABLE, com.firebase.jobdispatcher.FirebaseJobDispatcher.SCHEDULE_RESULT_UNSUPPORTED_TRIGGER, com.firebase.jobdispatcher.FirebaseJobDispatcher.SCHEDULE_RESULT_BAD_SERVICE}" />
    </annotation>
  </item>
  <item name="com.firebase.jobdispatcher.ExternalReceiver void onJobFinished(com.firebase.jobdispatcher.JobParameters, int) 1">
    <annotation name="android.support.annotation.IntDef">
      <val name="value" val="{com.firebase.jobdispatcher.JobService.RESULT_SUCCESS, com.firebase.jobdispatcher.JobService.RESULT_FAIL_RETRY, com.firebase.jobdispatcher.JobService.RESULT_FAIL_NORETRY}" />
    </annotation>
  </item>
  <item name="com.firebase.jobdispatcher.FirebaseJobDispatcher com.firebase.jobdispatcher.RetryStrategy newRetryStrategy(int, int, int) 0">
    <annotation name="android.support.annotation.IntDef">
      <val name="value" val="{com.firebase.jobdispatcher.RetryStrategy.RETRY_POLICY_LINEAR, com.firebase.jobdispatcher.RetryStrategy.RETRY_POLICY_EXPONENTIAL}" />
    </annotation>
  </item>
  <item name="com.firebase.jobdispatcher.FirebaseJobDispatcher int cancel(java.lang.String)">
    <annotation name="android.support.annotation.IntDef">
      <val name="value" val="{com.firebase.jobdispatcher.FirebaseJobDispatcher.CANCEL_RESULT_SUCCESS, com.firebase.jobdispatcher.FirebaseJobDispatcher.CANCEL_RESULT_UNKNOWN_ERROR, com.firebase.jobdispatcher.FirebaseJobDispatcher.CANCEL_RESULT_NO_DRIVER_AVAILABLE}" />
    </annotation>
  </item>
  <item name="com.firebase.jobdispatcher.FirebaseJobDispatcher int cancelAll()">
    <annotation name="android.support.annotation.IntDef">
      <val name="value" val="{com.firebase.jobdispatcher.FirebaseJobDispatcher.CANCEL_RESULT_SUCCESS, com.firebase.jobdispatcher.FirebaseJobDispatcher.CANCEL_RESULT_UNKNOWN_ERROR, com.firebase.jobdispatcher.FirebaseJobDispatcher.CANCEL_RESULT_NO_DRIVER_AVAILABLE}" />
    </annotation>
  </item>
  <item name="com.firebase.jobdispatcher.FirebaseJobDispatcher int schedule(com.firebase.jobdispatcher.Job)">
    <annotation name="android.support.annotation.IntDef">
      <val name="value" val="{com.firebase.jobdispatcher.FirebaseJobDispatcher.SCHEDULE_RESULT_SUCCESS, com.firebase.jobdispatcher.FirebaseJobDispatcher.SCHEDULE_RESULT_UNKNOWN_ERROR, com.firebase.jobdispatcher.FirebaseJobDispatcher.SCHEDULE_RESULT_NO_DRIVER_AVAILABLE, com.firebase.jobdispatcher.FirebaseJobDispatcher.SCHEDULE_RESULT_UNSUPPORTED_TRIGGER, com.firebase.jobdispatcher.FirebaseJobDispatcher.SCHEDULE_RESULT_BAD_SERVICE}" />
    </annotation>
  </item>
  <item name="com.firebase.jobdispatcher.GooglePlayDriver int schedule(com.firebase.jobdispatcher.Job)">
    <annotation name="android.support.annotation.IntDef">
      <val name="value" val="{com.firebase.jobdispatcher.FirebaseJobDispatcher.SCHEDULE_RESULT_SUCCESS, com.firebase.jobdispatcher.FirebaseJobDispatcher.SCHEDULE_RESULT_UNKNOWN_ERROR, com.firebase.jobdispatcher.FirebaseJobDispatcher.SCHEDULE_RESULT_NO_DRIVER_AVAILABLE, com.firebase.jobdispatcher.FirebaseJobDispatcher.SCHEDULE_RESULT_UNSUPPORTED_TRIGGER, com.firebase.jobdispatcher.FirebaseJobDispatcher.SCHEDULE_RESULT_BAD_SERVICE}" />
    </annotation>
  </item>
  <item name="com.firebase.jobdispatcher.GooglePlayJobCallback void jobFinished(int) 0">
    <annotation name="android.support.annotation.IntDef">
      <val name="value" val="{com.firebase.jobdispatcher.JobService.RESULT_SUCCESS, com.firebase.jobdispatcher.JobService.RESULT_FAIL_RETRY, com.firebase.jobdispatcher.JobService.RESULT_FAIL_NORETRY}" />
    </annotation>
  </item>
  <item name="com.firebase.jobdispatcher.GooglePlayJobWriter int convertConstraintsToLegacyNetConstant(int)">
    <annotation name="android.support.annotation.IntDef">
      <val name="value" val="{com.firebase.jobdispatcher.GooglePlayJobWriter.LEGACY_NETWORK_ANY, com.firebase.jobdispatcher.GooglePlayJobWriter.LEGACY_NETWORK_CONNECTED, com.firebase.jobdispatcher.GooglePlayJobWriter.LEGACY_NETWORK_UNMETERED}" />
    </annotation>
  </item>
  <item name="com.firebase.jobdispatcher.GooglePlayJobWriter int convertRetryPolicyToLegacyVersion(int) 0">
    <annotation name="android.support.annotation.IntDef">
      <val name="value" val="{com.firebase.jobdispatcher.RetryStrategy.RETRY_POLICY_LINEAR, com.firebase.jobdispatcher.RetryStrategy.RETRY_POLICY_EXPONENTIAL}" />
    </annotation>
  </item>
  <item name="com.firebase.jobdispatcher.GooglePlayReceiver void onJobFinished(com.firebase.jobdispatcher.JobParameters, int) 1">
    <annotation name="android.support.annotation.IntDef">
      <val name="value" val="{com.firebase.jobdispatcher.JobService.RESULT_SUCCESS, com.firebase.jobdispatcher.JobService.RESULT_FAIL_RETRY, com.firebase.jobdispatcher.JobService.RESULT_FAIL_NORETRY}" />
    </annotation>
  </item>
  <item name="com.firebase.jobdispatcher.Job.Builder com.firebase.jobdispatcher.Job.Builder addConstraint(int) 0">
    <annotation name="android.support.annotation.IntDef">
      <val name="flag" val="true" />
      <val name="value" val="{com.firebase.jobdispatcher.Constraint.ON_ANY_NETWORK, com.firebase.jobdispatcher.Constraint.ON_UNMETERED_NETWORK, com.firebase.jobdispatcher.Constraint.DEVICE_CHARGING}" />
    </annotation>
  </item>
  <item name="com.firebase.jobdispatcher.Job.Builder com.firebase.jobdispatcher.Job.Builder setConstraints(int...) 0">
    <annotation name="android.support.annotation.IntDef">
      <val name="flag" val="true" />
      <val name="value" val="{com.firebase.jobdispatcher.Constraint.ON_ANY_NETWORK, com.firebase.jobdispatcher.Constraint.ON_UNMETERED_NETWORK, com.firebase.jobdispatcher.Constraint.DEVICE_CHARGING}" />
    </annotation>
  </item>
  <item name="com.firebase.jobdispatcher.Job.Builder com.firebase.jobdispatcher.Job.Builder setLifetime(int) 0">
    <annotation name="android.support.annotation.IntDef">
      <val name="value" val="{com.firebase.jobdispatcher.Lifetime.FOREVER, com.firebase.jobdispatcher.Lifetime.UNTIL_NEXT_BOOT}" />
    </annotation>
  </item>
  <item name="com.firebase.jobdispatcher.Job.Builder int getLifetime()">
    <annotation name="android.support.annotation.IntDef">
      <val name="value" val="{com.firebase.jobdispatcher.Lifetime.FOREVER, com.firebase.jobdispatcher.Lifetime.UNTIL_NEXT_BOOT}" />
    </annotation>
  </item>
  <item name="com.firebase.jobdispatcher.Job.Builder int[] getConstraints()">
    <annotation name="android.support.annotation.IntDef">
      <val name="flag" val="true" />
      <val name="value" val="{com.firebase.jobdispatcher.Constraint.ON_ANY_NETWORK, com.firebase.jobdispatcher.Constraint.ON_UNMETERED_NETWORK, com.firebase.jobdispatcher.Constraint.DEVICE_CHARGING}" />
    </annotation>
  </item>
  <item name="com.firebase.jobdispatcher.JobCallback void jobFinished(int) 0">
    <annotation name="android.support.annotation.IntDef">
      <val name="value" val="{com.firebase.jobdispatcher.JobService.RESULT_SUCCESS, com.firebase.jobdispatcher.JobService.RESULT_FAIL_RETRY, com.firebase.jobdispatcher.JobService.RESULT_FAIL_NORETRY}" />
    </annotation>
  </item>
  <item name="com.firebase.jobdispatcher.JobInvocation JobInvocation(java.lang.String, java.lang.String, com.firebase.jobdispatcher.JobTrigger, com.firebase.jobdispatcher.RetryStrategy, boolean, int, int[], android.os.Bundle, boolean) 5">
    <annotation name="android.support.annotation.IntDef">
      <val name="value" val="{com.firebase.jobdispatcher.Lifetime.FOREVER, com.firebase.jobdispatcher.Lifetime.UNTIL_NEXT_BOOT}" />
    </annotation>
  </item>
  <item name="com.firebase.jobdispatcher.JobInvocation JobInvocation(java.lang.String, java.lang.String, com.firebase.jobdispatcher.JobTrigger, com.firebase.jobdispatcher.RetryStrategy, boolean, int, int[], android.os.Bundle, boolean) 6">
    <annotation name="android.support.annotation.IntDef">
      <val name="flag" val="true" />
      <val name="value" val="{com.firebase.jobdispatcher.Constraint.ON_ANY_NETWORK, com.firebase.jobdispatcher.Constraint.ON_UNMETERED_NETWORK, com.firebase.jobdispatcher.Constraint.DEVICE_CHARGING}" />
    </annotation>
  </item>
  <item name="com.firebase.jobdispatcher.JobInvocation mConstraints">
    <annotation name="android.support.annotation.IntDef">
      <val name="flag" val="true" />
      <val name="value" val="{com.firebase.jobdispatcher.Constraint.ON_ANY_NETWORK, com.firebase.jobdispatcher.Constraint.ON_UNMETERED_NETWORK, com.firebase.jobdispatcher.Constraint.DEVICE_CHARGING}" />
    </annotation>
  </item>
  <item name="com.firebase.jobdispatcher.JobParameters int getLifetime()">
    <annotation name="android.support.annotation.IntDef">
      <val name="value" val="{com.firebase.jobdispatcher.Lifetime.FOREVER, com.firebase.jobdispatcher.Lifetime.UNTIL_NEXT_BOOT}" />
    </annotation>
  </item>
  <item name="com.firebase.jobdispatcher.JobParameters int[] getConstraints()">
    <annotation name="android.support.annotation.IntDef">
      <val name="flag" val="true" />
      <val name="value" val="{com.firebase.jobdispatcher.Constraint.ON_ANY_NETWORK, com.firebase.jobdispatcher.Constraint.ON_UNMETERED_NETWORK, com.firebase.jobdispatcher.Constraint.DEVICE_CHARGING}" />
    </annotation>
  </item>
  <item name="com.firebase.jobdispatcher.JobService.JobCallback void sendResult(int) 0">
    <annotation name="android.support.annotation.IntDef">
      <val name="value" val="{com.firebase.jobdispatcher.JobService.RESULT_SUCCESS, com.firebase.jobdispatcher.JobService.RESULT_FAIL_RETRY, com.firebase.jobdispatcher.JobService.RESULT_FAIL_NORETRY}" />
    </annotation>
  </item>
  <item name="com.firebase.jobdispatcher.RetryStrategy RetryStrategy(int, int, int) 0">
    <annotation name="android.support.annotation.IntDef">
      <val name="value" val="{com.firebase.jobdispatcher.RetryStrategy.RETRY_POLICY_LINEAR, com.firebase.jobdispatcher.RetryStrategy.RETRY_POLICY_EXPONENTIAL}" />
    </annotation>
  </item>
  <item name="com.firebase.jobdispatcher.RetryStrategy int getPolicy()">
    <annotation name="android.support.annotation.IntDef">
      <val name="value" val="{com.firebase.jobdispatcher.RetryStrategy.RETRY_POLICY_LINEAR, com.firebase.jobdispatcher.RetryStrategy.RETRY_POLICY_EXPONENTIAL}" />
    </annotation>
  </item>
  <item name="com.firebase.jobdispatcher.RetryStrategy mPolicy">
    <annotation name="android.support.annotation.IntDef">
      <val name="value" val="{com.firebase.jobdispatcher.RetryStrategy.RETRY_POLICY_LINEAR, com.firebase.jobdispatcher.RetryStrategy.RETRY_POLICY_EXPONENTIAL}" />
    </annotation>
  </item>
  <item name="com.firebase.jobdispatcher.RetryStrategy.Builder com.firebase.jobdispatcher.RetryStrategy build(int, int, int) 0">
    <annotation name="android.support.annotation.IntDef">
      <val name="value" val="{com.firebase.jobdispatcher.RetryStrategy.RETRY_POLICY_LINEAR, com.firebase.jobdispatcher.RetryStrategy.RETRY_POLICY_EXPONENTIAL}" />
    </annotation>
  </item>
  <item name="com.firebase.jobdispatcher.SimpleJobService int onRunJob(com.firebase.jobdispatcher.JobParameters)">
    <annotation name="android.support.annotation.IntDef">
      <val name="value" val="{com.firebase.jobdispatcher.JobService.RESULT_SUCCESS, com.firebase.jobdispatcher.JobService.RESULT_FAIL_RETRY, com.firebase.jobdispatcher.JobService.RESULT_FAIL_NORETRY}" />
    </annotation>
  </item>
</root>

